target,prediction
208500.0,197601.953125
181500.00000000003,164602.875
223499.99999999994,204580.828125
139999.99999999994,175676.203125
250000.00000000006,285002.53125
142999.99999999997,155468.734375
306999.9999999998,290300.75
199999.9999999999,213606.71875
129900.00000000001,153888.828125
117999.99999999999,129099.09375
129499.99999999999,135751.0625
344999.9999999999,357392.375
144000.0,134070.328125
279500.00000000006,219847.8125
156999.99999999994,150965.296875
132000.0,146054.0
148999.99999999997,147843.859375
90000.0,129441.0859375
158999.99999999994,153250.984375
139000.0,144972.84375
325300.00000000023,315745.78125
139400.00000000003,132598.03125
230000.00000000006,247447.546875
129900.00000000001,144255.484375
153999.9999999999,133850.21875
256299.99999999988,243102.671875
134799.99999999994,134385.96875
305999.99999999994,286808.1875
207499.99999999997,161501.0625
68500.0,71407.578125
40000.0,49275.16796875
149349.99999999994,140265.78125
179900.00000000012,205978.859375
165499.99999999988,171692.03125
277500.0,266074.0
309000.0,315745.78125
144999.99999999994,145396.390625
153000.00000000006,163539.53125
108999.99999999996,138532.34375
82000.0,100402.5078125
160000.00000000006,159795.890625
170000.00000000003,155217.1875
144000.0,141692.90625
130249.99999999999,125804.328125
141000.0,143031.4375
319899.99999999994,259182.3125
239686.00000000012,282302.875
249699.99999999983,243180.71875
112999.99999999999,107941.1171875
127000.00000000007,132369.0
177000.00000000012,169755.6875
114499.99999999996,140126.296875
109999.99999999999,118376.515625
384999.9999999998,321059.21875
129999.99999999991,148307.75
180500.00000000012,165950.1875
172499.9999999999,227208.15625
196499.99999999988,198974.890625
438780.0000000003,334047.40625
124900.00000000001,127296.2265625
158000.00000000006,161372.1875
100999.99999999996,88823.03125
202500.0000000001,218388.390625
139999.99999999994,159430.53125
219500.0000000001,231207.515625
316999.99999999977,279035.375
180000.00000000006,242000.421875
225999.9999999999,210865.96875
80000.0,79122.984375
224999.99999999985,225965.265625
243999.9999999999,230260.0625
129499.99999999999,131737.5625
185000.0000000001,187236.828125
144899.9999999999,140582.09375
107400.0,113382.3125
90999.99999999999,108069.1171875
135750.0,121242.0078125
127000.00000000007,123126.3671875
136499.99999999997,114306.0078125
109999.99999999999,127802.9609375
193500.0,179397.359375
153500.00000000012,168176.421875
244999.99999999997,231614.203125
126499.99999999997,137357.40625
168499.9999999999,171732.859375
259999.9999999999,257607.0
173999.99999999997,180415.859375
164499.99999999994,160547.09375
84999.99999999997,49904.8984375
123600.00000000006,111564.1015625
109900.00000000004,111981.328125
98599.99999999997,146383.4375
163500.0,136621.96875
133900.00000000006,54492.0625
204750.0,189291.625
185000.0000000001,170245.671875
214000.00000000006,233452.796875
94750.00000000003,127018.6328125
83000.00000000001,103215.296875
128950.00000000003,104336.3359375
205000.00000000006,196026.328125
178000.0000000001,180618.890625
118963.99999999997,145346.765625
198899.99999999988,188150.78125
169499.99999999994,166987.984375
250000.00000000006,251191.84375
100000.00000000003,106913.15625
114999.99999999996,114185.84375
114999.99999999996,137372.28125
190000.0,188841.578125
136900.0,148579.34375
180000.00000000006,172808.5625
383969.9999999997,272629.71875
217000.00000000003,187420.171875
259500.0000000001,176243.484375
175999.9999999999,163122.09375
139000.0,132640.625
154999.99999999994,143500.75
319999.9999999999,259673.09375
163990.0000000001,174032.109375
180000.00000000006,145875.421875
100000.00000000003,110566.7265625
135999.9999999999,136281.25
153899.99999999994,172481.203125
180999.99999999997,179940.90625
84499.99999999997,74585.375
128000.0,143160.84375
87000.00000000003,101207.578125
154999.99999999994,156062.59375
150000.00000000006,152101.5
225999.9999999999,205119.90625
243999.9999999999,207710.65625
150749.9999999999,159184.6875
220000.00000000006,224718.796875
180000.00000000006,175296.75
173999.99999999997,185021.59375
142999.99999999997,146679.71875
171000.00000000003,226324.9375
230000.00000000006,253664.4375
231499.9999999999,184736.109375
114999.99999999996,107393.0234375
259999.9999999999,245232.890625
165999.99999999994,144400.234375
204000.00000000003,215621.53125
125000.00000000001,144912.921875
129999.99999999991,172385.453125
105000.00000000006,110819.140625
222500.0000000001,219722.96875
141000.0,149962.796875
114999.99999999996,123291.3515625
122000.00000000006,140677.375
372401.99999999994,292456.125
190000.0,180255.25
235000.00000000017,163961.0
125000.00000000001,132857.28125
78999.99999999997,76559.5546875
109500.00000000003,123147.484375
269500.0,260358.375
254899.99999999983,228787.828125
319999.9999999999,251371.171875
162499.9999999999,160564.25
412500.0000000001,339251.625
220000.00000000006,235111.25
103199.99999999996,99930.953125
152000.0,145508.890625
127500.0,131780.4375
190000.0,169274.140625
325623.99999999977,329023.0
183500.00000000012,195985.765625
227999.99999999985,245930.09375
128500.00000000004,143345.28125
214999.99999999997,176389.140625
238999.99999999985,203682.34375
163000.0,157452.375
183999.99999999994,194547.375
243000.00000000017,203250.546875
211000.00000000012,193040.546875
172499.9999999999,161533.1875
501837.0,347869.40625
100000.00000000003,129175.1328125
177000.00000000012,174423.703125
200100.00000000015,184594.421875
120000.0,144313.6875
199999.9999999999,205400.0
127000.00000000007,134301.28125
474999.99999999965,295852.9375
173000.0,176928.6875
134999.99999999994,134858.640625
153337.0,151107.28125
286000.0000000001,263621.1875
314999.9999999999,249095.0
183999.99999999994,173059.21875
192000.00000000012,200656.3125
129999.99999999991,181808.703125
127000.00000000007,130059.7265625
148499.9999999999,158307.140625
311872.00000000006,242800.09375
235000.00000000017,292633.25
103999.99999999996,133900.15625
274900.0,282606.5
139999.99999999994,137363.375
171499.99999999994,157441.734375
112000.00000000004,140657.484375
148999.99999999997,148448.65625
109999.99999999999,120406.671875
180500.00000000012,186278.125
143900.0,146978.8125
141000.0,137031.203125
277000.0000000001,239574.53125
144999.99999999994,150183.15625
98000.00000000004,105178.96875
185999.99999999997,173327.59375
252678.00000000006,208047.5
156000.00000000006,147427.890625
161749.99999999994,147309.796875
134449.9999999999,144247.65625
209999.9999999999,203460.375
106999.99999999997,92903.5078125
311500.0000000001,211702.65625
167240.0,184976.375
204900.00000000012,213039.40625
199999.9999999999,203601.875
179900.00000000012,171095.96875
97000.0,128731.9296875
386249.9999999998,328816.375
112000.00000000004,116291.9609375
290000.0000000001,262140.109375
105999.99999999999,108978.734375
125000.00000000001,131759.921875
192500.00000000012,208198.84375
148000.0000000001,148619.234375
402999.99999999994,318028.6875
94500.00000000003,112897.3828125
128199.99999999996,125804.328125
216499.99999999988,196200.375
89500.00000000003,108978.734375
185499.9999999999,193730.21875
194500.0,199711.328125
317999.9999999998,251160.28125
112999.99999999999,142272.15625
262500.0000000002,256761.15625
110499.99999999994,100611.6171875
78999.99999999997,117664.984375
120000.0,140571.90625
205000.00000000006,226442.90625
241500.00000000006,233399.03125
136999.99999999994,147937.828125
139999.99999999994,156484.625
180000.00000000006,198974.890625
277000.0000000001,217370.875
76500.0,90898.96875
235000.00000000017,264353.5
173000.0,183049.078125
158000.00000000006,155566.28125
144999.99999999994,153055.4375
230000.00000000006,224949.015625
207499.99999999997,189624.59375
220000.00000000006,231191.421875
231499.9999999999,208159.328125
97000.0,111772.171875
175999.9999999999,159514.15625
276000.0,305911.5
151000.0,151087.109375
129999.99999999991,139262.8125
73000.00000000001,102012.5703125
175500.00000000006,180100.359375
185000.0000000001,175640.078125
179499.99999999994,165985.6875
120500.00000000003,116281.0078125
148000.0000000001,149421.78125
265999.9999999999,256392.265625
241500.00000000006,175201.59375
290000.0000000001,280308.3125
139000.0,173717.46875
124500.00000000001,132266.25
205000.00000000006,181434.703125
201000.00000000003,215076.34375
141000.0,120570.4921875
415298.00000000035,311501.40625
192000.00000000012,211085.109375
228500.00000000006,218581.6875
185000.0000000001,181465.84375
207499.99999999997,198874.46875
244599.99999999988,237810.984375
179199.9999999999,196236.0625
164699.99999999994,162768.828125
158999.99999999994,179074.578125
87999.99999999996,107864.875
122000.00000000006,130080.5078125
153575.00000000003,141520.40625
233229.99999999988,245975.40625
135900.00000000003,133741.0
131000.00000000006,144058.140625
235000.00000000017,217096.109375
166999.9999999999,179082.53125
142499.99999999997,149211.625
152000.0,134040.46875
238999.99999999985,215193.59375
175000.00000000003,172873.15625
158500.00000000003,148333.609375
156999.99999999994,144544.125
267000.0000000001,267367.53125
205000.00000000006,219847.8125
149899.9999999999,139704.65625
294999.9999999999,271493.875
305900.0000000002,323138.625
224999.99999999985,232406.703125
89500.00000000003,129152.015625
82500.00000000003,115526.265625
360000.0000000003,335276.96875
165600.0,174084.53125
132000.0,133071.9375
119899.99999999996,133228.03125
375000.0000000001,225495.359375
178000.0000000001,172236.59375
188499.99999999988,180728.84375
259999.9999999999,220068.9375
270000.0,256392.265625
259999.9999999999,265847.0
187500.0000000001,175998.109375
342643.00000000023,329169.75
354000.00000000006,297864.0625
301000.0,269219.4375
126175.00000000007,91973.421875
242000.00000000015,232138.859375
87000.00000000003,108807.5390625
324000.00000000023,279521.53125
145250.0,151624.53125
214499.9999999999,186894.8125
78000.00000000003,84963.46875
118999.99999999993,138147.53125
139000.0,142200.90625
284000.0000000002,264492.75
207000.00000000015,190656.203125
192000.00000000012,175800.421875
228950.00000000015,175452.171875
377425.99999999994,328307.25
214000.00000000006,216492.796875
202500.0000000001,210037.734375
154999.99999999994,146075.84375
202899.9999999999,235376.8125
82000.0,109766.4453125
87499.99999999997,94615.125
265999.9999999999,255409.875
84999.99999999997,113471.4375
140200.0,148504.34375
151499.9999999999,135787.625
157500.00000000006,162325.21875
153999.9999999999,190050.3125
437153.9999999997,357481.59375
318061.0000000001,258381.421875
190000.0,192571.90625
94999.99999999997,106185.09375
105899.99999999994,111629.7890625
139999.99999999994,151937.09375
177499.9999999999,171408.0625
173000.0,168786.890625
133999.99999999994,150526.34375
129999.99999999991,139488.1875
279999.9999999998,259063.421875
156000.00000000006,145240.0
144999.99999999994,142791.03125
198500.00000000012,205603.6875
117999.99999999999,113466.4140625
190000.0,170347.6875
147000.0,134586.15625
158999.99999999994,164614.140625
164999.99999999988,152919.625
132000.0,149423.75
162000.00000000006,155793.65625
172400.00000000012,176886.71875
134431.99999999994,135680.671875
125000.00000000001,103671.5078125
122999.99999999993,137575.25
219500.0000000001,210235.953125
61000.000000000015,84615.859375
148000.0000000001,135883.296875
339999.99999999977,269834.3125
394431.9999999997,320716.40625
179000.00000000012,181129.515625
127000.00000000007,134750.59375
187749.99999999997,189441.296875
213500.00000000003,211162.234375
76000.00000000003,117165.7578125
240000.00000000003,214284.9375
192000.00000000012,213849.390625
80999.99999999997,118534.1328125
125000.00000000001,144410.6875
190999.9999999999,202272.265625
426000.00000000023,357481.59375
118999.99999999993,133779.28125
214999.99999999997,192456.015625
106500.0,118194.4140625
100000.00000000003,99294.484375
108999.99999999996,114941.78125
129000.00000000006,140892.0625
122999.99999999993,139198.34375
169499.99999999994,152805.875
67000.0,120540.6796875
240999.99999999988,200226.421875
245500.00000000006,225246.859375
164989.99999999994,190656.203125
108000.0,112638.21875
258000.00000000017,245236.921875
168000.00000000003,174542.296875
150000.00000000006,147892.875
114999.99999999996,147309.265625
177000.00000000012,153654.71875
279999.9999999998,254327.828125
339750.00000000023,281266.6875
59999.99999999999,135684.34375
144999.99999999994,129754.921875
222000.00000000006,210080.84375
114999.99999999996,131625.3125
227999.99999999985,252600.5
181133.99999999988,190991.6875
149499.99999999994,158960.5
238999.99999999985,187117.90625
125999.99999999994,112452.796875
142000.00000000006,140266.390625
206300.0,178447.703125
214999.99999999997,207640.9375
112999.99999999999,132992.9375
314999.9999999999,318484.03125
139000.0,146822.96875
134999.99999999994,138375.125
275000.0,240997.359375
109008.00000000006,121242.0078125
195400.00000000003,186435.125
175000.00000000003,171593.1875
85400.00000000003,108978.734375
79899.99999999999,123377.125
122499.99999999993,135503.59375
180999.99999999997,174542.296875
80999.99999999997,92312.15625
211999.99999999997,199909.1875
115999.99999999999,125413.1484375
118999.99999999993,121106.4140625
90350.00000000001,100922.8046875
109999.99999999999,145181.625
555000.0000000001,357481.59375
117999.99999999999,120727.8359375
162899.99999999997,150561.96875
172499.9999999999,186886.25
209999.9999999999,204409.546875
127500.0,164761.4375
190000.0,207739.3125
199900.00000000015,211254.734375
119499.99999999999,134935.875
120000.0,99754.0
109999.99999999999,118688.2109375
279999.9999999998,200269.625
204000.00000000003,181269.875
209999.9999999999,214697.875
188000.00000000012,155915.8125
175500.00000000006,165267.828125
98000.00000000004,116429.4609375
256000.00000000012,163217.28125
161000.00000000006,159485.625
109999.99999999999,131169.15625
263434.9999999999,219416.875
154999.99999999994,143863.84375
62383.0,131759.921875
188700.0000000001,159714.8125
123999.99999999999,127563.0703125
178740.00000000003,189441.296875
166999.9999999999,163808.59375
146500.0,149372.21875
250000.00000000006,247402.5625
187000.0000000001,186547.59375
211999.99999999997,218838.3125
190000.0,191713.09375
148000.0000000001,141924.75
439999.99999999965,329550.0
251000.00000000012,265696.84375
132500.0,139704.65625
208899.99999999997,185841.171875
380000.0,329901.4375
297000.0000000001,287621.9375
89471.0,121772.609375
326000.0000000001,321059.21875
373999.99999999994,304443.28125
154999.99999999994,183178.25
163999.99999999994,158328.4375
132500.0,136154.65625
147000.0,140605.28125
156000.00000000006,149639.0
174999.99999999997,172892.359375
160000.00000000006,127780.2890625
86000.00000000004,97352.734375
115000.00000000004,112045.5859375
133000.00000000006,141443.34375
172784.99999999994,176290.296875
154999.9999999999,141300.0625
91300.00000000001,94151.8359375
40000.0,78435.75
430000.00000000035,310713.625
184000.0,168164.046875
130000.00000000001,135074.1875
120000.0,132211.890625
113000.00000000003,107486.6796875
226699.99999999983,212938.578125
140000.00000000006,138182.96875
289000.00000000006,277987.1875
147000.00000000003,137383.234375
124499.99999999994,117978.4140625
215000.00000000012,193376.234375
208300.00000000006,181471.890625
161000.00000000003,145545.203125
124499.99999999994,141378.25
164899.99999999994,159189.96875
202665.0,183811.890625
129900.00000000007,125601.7265625
133999.99999999997,140506.09375
96499.99999999997,81572.078125
402861.0000000001,424200.34375
158000.0000000001,168282.890625
265000.0000000001,266600.1875
211000.00000000012,193518.765625
234000.00000000006,255955.265625
106249.99999999994,91794.65625
149999.9999999999,140263.875
158999.99999999994,150604.03125
184750.00000000003,447655.59375
315750.0000000002,293732.875
175999.99999999997,178947.0
132000.00000000006,136017.453125
446260.99999999994,434729.9375
86000.00000000004,83109.515625
200624.0,221143.265625
174999.99999999997,197732.8125
127999.99999999996,133581.96875
107499.99999999996,94633.484375
40000.0,58891.109375
178000.00000000006,173994.1875
107499.99999999996,138466.25
188000.00000000015,189921.4375
111249.99999999994,123155.03125
158000.0000000001,136782.8125
272000.0,259852.4375
315000.0000000002,363909.3125
248000.00000000003,253271.015625
213250.00000000012,229207.5625
133000.00000000006,158735.03125
179665.00000000006,207033.90625
228999.99999999988,257523.6875
210000.00000000012,177036.859375
129500.00000000003,127627.3125
124999.99999999996,129462.6328125
263000.0,238529.3125
140000.00000000006,138055.34375
112500.0,121448.7265625
255500.00000000017,276884.875
107999.99999999999,108635.9453125
284000.0,255599.65625
113000.00000000003,119617.9609375
141000.00000000003,141092.84375
107999.99999999999,81271.375
174999.99999999997,194882.4375
234000.00000000006,189768.828125
121499.99999999996,164440.046875
170000.0000000001,166526.84375
107999.99999999999,114164.4140625
185000.00000000012,197896.859375
268000.0,255400.734375
127999.99999999996,114075.484375
324999.99999999994,335511.96875
213999.99999999997,193871.421875
316600.0000000001,311392.71875
135959.99999999994,137530.65625
142599.99999999994,150769.234375
120000.0,123083.7734375
224499.99999999997,220952.8125
170000.0000000001,164034.375
139000.00000000006,106443.4921875
118500.00000000004,112893.3828125
144999.99999999997,150024.359375
164500.00000000003,153989.8125
146000.0,156986.75
131500.00000000006,123498.2578125
181899.99999999997,186372.671875
253293.00000000015,344775.96875
118500.00000000004,117141.1875
324999.99999999994,300085.625
133000.00000000006,136546.8125
369900.0000000001,348959.65625
130000.00000000001,124238.2578125
137000.0,136291.828125
143000.0,205206.015625
79500.0,113126.078125
185899.99999999994,191780.0
451949.9999999999,411827.15625
138000.00000000003,138807.34375
140000.00000000006,146739.5625
110000.00000000001,122877.375
319000.0000000001,318590.625
114504.00000000003,120328.09375
194201.0000000001,185525.015625
217500.00000000015,205378.296875
151000.00000000006,153416.078125
275000.0,242774.234375
141000.00000000003,133081.5625
220000.00000000003,206085.4375
151000.00000000006,152417.515625
221000.00000000006,225764.109375
205000.00000000015,222591.859375
152000.00000000006,149771.96875
225000.00000000006,161396.8125
359100.00000000006,263059.625
118500.00000000004,128400.6171875
312999.9999999998,381404.3125
148000.0,158100.234375
261500.0000000002,247120.75
147000.00000000003,111510.8828125
75500.0,85735.359375
137500.0,142785.578125
183200.00000000003,185935.984375
105499.99999999994,130462.4921875
314813.00000000023,328179.5625
305000.00000000006,313614.40625
66999.99999999997,64775.4765625
239999.99999999997,232481.203125
135000.0,137059.375
168500.00000000006,176553.625
165149.99999999994,171981.203125
160000.00000000006,137125.125
139899.99999999994,134812.78125
152999.99999999994,156284.5625
135000.0,176793.984375
168500.00000000006,161210.65625
124000.00000000003,112534.234375
209499.99999999985,238663.21875
82500.00000000003,180668.15625
139400.00000000006,143356.375
144000.00000000003,146463.53125
199999.99999999997,158420.765625
60000.000000000015,56021.8359375
93000.00000000003,107974.7578125
84999.99999999999,94186.609375
264561.0,283949.875
273999.9999999999,281275.25
226000.00000000012,245798.03125
344999.99999999977,330226.84375
152000.00000000006,146515.125
370878.0000000002,338633.1875
143249.99999999994,134169.453125
98299.99999999996,104845.90625
154999.9999999999,144374.34375
154999.9999999999,163860.015625
84499.99999999997,83564.515625
205949.99999999997,198777.0625
107999.99999999999,115150.2265625
191000.00000000006,189224.625
135000.0,137112.796875
350000.0000000002,345092.09375
88000.00000000003,94609.5234375
145499.99999999994,147624.546875
149000.0,176821.109375
97500.0,137665.890625
166999.9999999999,163887.65625
197899.9999999999,215443.5
402000.0,361085.625
110000.00000000001,122778.5625
137500.0,144063.265625
422999.9999999997,313924.0625
230499.99999999997,256033.328125
129000.00000000004,178037.65625
193500.0,204813.0625
167999.99999999997,166769.96875
137500.0,108295.4921875
173500.00000000003,179133.828125
103600.00000000003,118921.7734375
164999.99999999988,173191.15625
257499.9999999998,260947.09375
140000.00000000006,144665.125
148500.0,147909.234375
87000.0,101251.5234375
109499.99999999996,102448.3125
372499.9999999998,321021.0625
128500.0,127640.765625
143000.0,125556.421875
159434.0,119488.2265625
173000.00000000012,171355.875
285000.0,319973.75
221000.00000000006,207695.8125
207499.99999999997,240337.484375
227875.00000000017,209639.734375
148800.00000000006,146251.4375
392000.0000000003,232851.609375
194699.9999999999,174980.484375
141000.00000000003,147689.84375
754999.9999999995,524455.125
334999.9999999998,308357.53125
108479.99999999994,104265.953125
141500.0,135952.828125
175999.99999999997,164115.3125
89000.00000000003,99499.3359375
123500.00000000001,126486.9765625
138500.0,134929.125
196000.0,183740.734375
312500.00000000006,319826.6875
140000.00000000006,146958.84375
361919.00000000023,332948.96875
140000.00000000006,135179.515625
212999.9999999999,217823.6875
54999.99999999999,79112.1875
301999.99999999994,293170.875
254000.00000000017,217160.140625
179539.9999999999,179513.3125
109899.99999999996,114760.0703125
52000.0,82815.6953125
102776.0,59072.0078125
189000.0,201553.15625
129000.00000000004,124202.6796875
130500.00000000001,185264.203125
164999.99999999988,152715.53125
159500.0000000001,169482.515625
156999.9999999999,156633.75
341000.00000000023,304045.625
128500.0,130777.4140625
275000.0,241204.28125
143000.0,149168.453125
124499.99999999994,116843.515625
135000.0,125832.9921875
320000.0,323522.40625
120500.00000000001,119646.96875
222000.00000000003,230582.28125
194500.00000000012,191266.265625
110000.00000000001,134455.75
102999.99999999994,97951.03125
236499.99999999997,260676.078125
187499.99999999997,190485.96875
222500.00000000012,245192.65625
131400.0000000001,136508.0625
107999.99999999999,118908.1484375
163000.0000000001,158776.03125
93500.00000000003,88772.2890625
239899.99999999997,233229.390625
179000.00000000003,126380.5625
190000.00000000006,206782.890625
132000.00000000006,125579.5234375
142000.0,138385.0625
179000.00000000003,168095.359375
174999.99999999997,168518.75
179999.9999999999,197137.359375
299800.0,319378.15625
236000.0000000001,239905.578125
265978.99999999994,250053.28125
260399.99999999985,233520.203125
98000.00000000003,89020.6953125
96499.99999999997,89928.90625
162000.00000000003,169843.34375
217000.00000000006,205795.046875
275500.0000000002,277938.375
156000.00000000012,161849.984375
172499.9999999999,158921.109375
211999.99999999988,217515.140625
158899.99999999994,164763.515625
179400.00000000006,164638.53125
289999.99999999977,314078.5
127500.00000000007,126536.8125
100000.00000000001,122865.6796875
215200.00000000012,200868.390625
337000.0000000002,320196.78125
270000.0000000001,258787.609375
264132.0000000001,273604.3125
196499.99999999985,182854.359375
160000.00000000006,169783.4375
216837.00000000006,212231.8125
537999.9999999995,449674.03125
134900.0,132276.640625
101999.99999999997,119839.6015625
107000.0,143049.015625
114500.00000000001,123773.4375
394999.9999999998,287621.0
162000.00000000003,168355.09375
221500.00000000006,219350.03125
142500.0000000001,143585.015625
144000.00000000003,131953.09375
135000.0,144993.75
175999.99999999997,172648.984375
175900.0000000001,178072.40625
187100.0,192741.546875
165500.00000000006,160892.5
127999.99999999996,133835.875
161500.00000000006,154080.40625
139000.00000000006,120752.703125
232999.99999999985,226382.90625
107899.99999999999,114076.2578125
187499.99999999997,220702.59375
160200.0,166869.75
146800.0000000001,159517.21875
269790.0000000001,242105.65625
225000.00000000006,234229.640625
194500.00000000012,198639.328125
170999.99999999997,156786.0
143500.00000000006,144642.5625
110000.00000000001,109636.8125
484999.9999999997,418341.21875
174999.99999999997,148181.6875
199999.99999999997,202644.703125
109899.99999999996,129176.5078125
189000.0,190962.046875
582932.9999999999,357403.875
117999.99999999994,121681.453125
227679.99999999997,205734.828125
135500.0,129983.4765625
223500.00000000006,238493.515625
159950.00000000012,151543.625
106000.0,115612.046875
180999.99999999994,180460.109375
144500.00000000003,147689.84375
55993.0,84332.515625
157900.0000000001,144622.609375
116000.0,117924.0703125
224899.99999999997,212035.828125
137000.0,133179.4375
271000.0000000001,291492.4375
154999.9999999999,158717.71875
224000.00000000015,210819.640625
183000.0000000001,189632.609375
93000.00000000003,62281.21875
225000.00000000006,198471.328125
139500.0,141966.8125
232600.00000000017,239740.9375
384999.9999999997,389106.40625
109499.99999999996,102833.625
189000.0,195375.96875
185000.00000000012,186278.203125
147400.0,159721.078125
165999.99999999994,173942.1875
151000.00000000006,150716.953125
237000.00000000015,215979.390625
166999.9999999999,156210.59375
139950.00000000006,138147.5
127999.99999999996,140445.21875
153500.00000000006,131702.375
100000.00000000001,94957.953125
144000.00000000003,133952.453125
130500.00000000001,126012.609375
140000.00000000006,134059.59375
157499.99999999994,137384.0625
174899.99999999988,157058.625
141000.00000000003,104028.953125
153900.00000000006,147694.6875
170999.99999999997,196529.796875
212999.9999999999,201054.28125
133500.0000000001,119698.9375
239999.99999999997,219982.984375
186999.99999999988,191069.203125
131500.00000000006,146836.0
215000.00000000012,201029.84375
164000.00000000006,168506.484375
158000.0000000001,190579.71875
170000.0000000001,162599.71875
126999.99999999994,147324.546875
147000.00000000003,146337.40625
173999.9999999999,163942.71875
152000.00000000006,168013.78125
250000.0,216289.3125
189950.00000000012,177935.015625
131500.00000000006,130503.390625
152000.00000000006,141793.6875
132500.00000000006,131998.34375
250580.0,189811.390625
148500.0,134438.8125
248900.00000000017,260245.5
129000.00000000004,147567.203125
169000.00000000012,138363.203125
236000.0000000001,232415.296875
109499.99999999996,101717.21875
200500.00000000003,184139.234375
116000.0,115942.4609375
133000.00000000006,134453.5
66500.0,93521.609375
303477.0000000001,312943.3125
132249.99999999994,151118.59375
350000.0000000002,375664.15625
148000.0,159259.4375
136500.00000000003,130712.515625
156999.9999999999,154932.1875
187499.99999999997,220370.96875
178000.00000000006,170449.046875
118500.00000000004,114173.890625
100000.00000000001,124172.5625
328900.0000000002,248106.78125
144999.99999999997,175138.015625
135500.0,137155.03125
268000.0,296095.625
149499.9999999999,162176.84375
122899.99999999997,119180.59375
172499.9999999999,176656.8125
154499.9999999999,147312.15625
164999.99999999988,150005.375
118857.99999999996,117710.1953125
140000.00000000006,170393.6875
106500.00000000006,100030.828125
142952.99999999994,129946.4140625
611657.0000000001,453152.625
135000.0,136990.53125
110000.00000000001,113180.640625
152999.99999999994,140582.03125
179999.9999999999,180753.25
239999.99999999997,234266.5
125500.00000000006,126003.421875
127999.99999999996,128164.6328125
255000.0,259952.6875
250000.0,243317.0
130999.99999999991,131349.375
173999.9999999999,188128.59375
154299.9999999999,156881.9375
143500.00000000006,142915.84375
88000.00000000003,113998.375
144999.99999999997,150940.8125
173732.99999999997,159506.953125
75000.0,86724.78125
40000.0,71486.484375
135000.0,153023.703125
238000.00000000006,258030.234375
176500.00000000006,181393.640625
201000.00000000006,192335.09375
145900.00000000006,157717.25
169989.99999999988,166416.359375
192999.9999999999,190746.96875
207499.99999999997,173577.21875
174999.99999999997,160131.4375
285000.0,301189.5
175999.99999999997,187772.03125
236499.99999999997,246558.0
222000.00000000003,228971.671875
201000.00000000006,237028.84375
117500.00000000006,123264.9453125
320000.0,252227.75
190000.00000000006,206529.375
242000.0000000001,209640.703125
79899.99999999997,92446.296875
184900.00000000012,195727.703125
253000.00000000015,238974.15625
239799.0,262526.96875
244399.99999999988,250959.671875
150900.0,174581.640625
213999.99999999997,221591.9375
149999.9999999999,113882.9453125
143000.0,139641.03125
137500.0,159871.09375
124900.00000000001,138363.203125
143000.0,142747.25
270000.0000000001,284189.875
192499.9999999999,207397.5
197500.00000000006,186067.96875
129000.00000000004,139481.3125
119899.99999999997,122434.1328125
133899.99999999994,130575.234375
171999.9999999999,158969.65625
127500.00000000007,119830.84375
144999.99999999997,175156.828125
124000.00000000003,129942.3828125
132000.00000000006,131718.015625
185000.00000000012,190373.078125
154999.9999999999,165180.53125
116499.99999999996,121338.1796875
272000.0,252249.8125
154999.9999999999,157265.90625
239000.0000000001,270258.21875
214900.00000000006,203310.421875
178899.99999999994,176224.546875
160000.00000000006,142955.96875
135000.0,140096.375
40000.0,81268.5859375
140000.00000000006,121802.2890625
135000.0,78381.171875
173000.00000000012,175457.359375
99499.99999999997,122810.6953125
182000.0,195843.71875
167499.99999999997,213396.515625
164999.99999999988,173335.53125
85500.0,116683.171875
199900.00000000015,189078.0
109999.99999999999,139342.875
139000.0,146890.765625
178400.0000000001,162605.03125
336000.0000000002,283806.84375
159894.9999999999,187204.453125
255900.00000000006,249869.546875
125999.99999999994,152657.765625
125000.00000000001,141470.09375
116999.99999999999,144830.90625
395191.9999999999,320054.5625
194999.99999999994,191455.03125
196999.99999999988,197514.78125
348000.00000000006,302973.34375
168000.00000000003,214480.078125
187000.0000000001,198432.953125
173900.00000000003,188930.28125
337499.9999999998,293704.6875
121599.99999999999,131582.4375
136499.99999999997,147545.78125
185000.0000000001,175823.28125
90999.99999999999,105308.9765625
205999.99999999988,189078.0
82000.0,91036.0703125
86000.00000000003,120445.171875
232000.00000000015,240157.625
136905.00000000006,155510.25
180999.99999999997,207113.59375
149899.9999999999,146964.15625
163500.0,161584.65625
87999.99999999996,109153.9375
240000.00000000003,218536.140625
102000.00000000004,147599.5
134999.99999999994,140945.125
100000.00000000003,135022.75
164999.99999999988,158201.609375
84999.99999999997,131270.65625
119200.0,148107.1875
226999.99999999985,216886.6875
202999.99999999997,213414.390625
187500.0000000001,209767.1875
160000.00000000006,187783.203125
213489.99999999985,207113.59375
175999.9999999999,151543.625
194000.0,189078.0
87000.00000000003,130097.6796875
190999.9999999999,207113.59375
286999.9999999999,284159.875
112499.99999999999,131120.21875
167499.99999999997,151408.671875
293076.9999999998,258966.40625
105000.00000000006,142051.8125
117999.99999999999,127470.0703125
160000.00000000006,153797.75
196999.99999999988,210513.734375
310000.0000000002,287981.3125
230000.00000000006,212576.046875
119749.99999999994,128744.9921875
84000.0,98065.28125
315500.0,271677.375
286999.9999999999,252804.46875
97000.0,126316.7421875
80000.0,105720.0546875
154999.99999999994,175621.6875
173000.0,172768.0625
196000.0000000001,177713.359375
262280.0000000002,249927.609375
278000.0,279046.0625
139599.99999999994,131421.03125
556580.9999999999,335725.875
144999.99999999994,147730.171875
114999.99999999996,152715.40625
84900.00000000001,125043.4140625
176484.99999999997,187204.453125
200141.00000000006,187204.453125
164999.99999999988,179817.859375
144499.99999999997,159976.484375
255000.0000000001,256405.5625
180000.00000000006,180407.953125
185850.0000000001,189790.84375
247999.99999999983,217968.71875
335000.0000000002,291626.5
220000.00000000006,166484.078125
213500.00000000003,211511.5625
80999.99999999997,116083.03125
90000.0,140758.296875
110499.99999999994,141372.96875
153999.9999999999,152320.90625
328000.0000000001,249618.78125
178000.0000000001,182608.21875
167900.00000000012,166091.625
151399.9999999999,192000.328125
134999.99999999994,137789.921875
134999.99999999994,147545.78125
153999.9999999999,158770.171875
91500.00000000003,129589.1640625
159500.00000000006,165883.21875
194000.0,192720.234375
219500.0000000001,189598.34375
170000.00000000003,169015.0
138800.0,144866.125
155900.00000000003,150790.203125
125999.99999999994,144019.71875
144999.99999999994,170851.5
133000.00000000006,149269.734375
192000.00000000012,196834.0
160000.00000000006,158752.09375
187500.0000000001,186218.359375
147000.0,148200.734375
83500.00000000001,109153.9375
252000.00000000015,249875.109375
137499.99999999994,180236.25
196999.99999999988,213330.84375
92900.00000000003,106926.4140625
160000.00000000006,168155.1875
136499.99999999997,171463.796875
146000.0000000001,146414.578125
129000.00000000006,143362.46875
176432.0000000001,175977.921875
127000.00000000007,134156.0625
170000.00000000003,188426.234375
128000.0,127180.859375
156999.99999999994,202079.890625
59999.99999999999,53170.15625
119499.99999999999,140534.625
134999.99999999994,150561.3125
159500.00000000006,143837.140625
105999.99999999999,123998.5546875
325000.00000000023,299739.03125
179900.00000000012,196030.171875
274724.9999999998,224457.03125
180999.99999999997,187383.796875
279999.9999999998,285593.5625
188000.00000000012,187383.796875
205000.00000000006,206981.59375
129900.00000000001,134845.46875
134500.0,146602.96875
116999.99999999999,135974.15625
317999.9999999998,273203.5625
184100.0000000001,205093.765625
129999.99999999991,146256.03125
139999.99999999994,156400.9375
133699.99999999994,149269.734375
118400.00000000001,133770.5
212899.99999999994,218495.171875
112000.00000000004,106293.1328125
117999.99999999999,125617.09375
163900.00000000012,191859.265625
114999.99999999996,140653.78125
173999.99999999997,214990.984375
259000.00000000012,219657.40625
214999.99999999997,221290.359375
139999.99999999994,139784.453125
134999.99999999994,145070.203125
93499.99999999999,144001.21875
117500.00000000003,156019.84375
239499.99999999983,248253.625
168999.9999999999,184736.53125
102000.00000000004,122610.5
118999.99999999993,147939.125
94000.0,118548.328125
196000.0000000001,190032.546875
144000.0,132324.484375
139000.0,135733.5625
197500.0,171368.609375
424870.0000000003,307527.75
80000.0,118766.3984375
80000.0,113474.0546875
148999.99999999997,139168.40625
180000.00000000006,167827.96875
174500.0,168406.65625
116900.0,131688.8125
142999.99999999997,167791.34375
123999.99999999999,137701.25
149899.9999999999,160866.609375
230000.00000000006,188219.1875
120500.00000000003,136040.875
201799.99999999994,214584.21875
217999.9999999999,181589.625
179900.00000000012,166145.9375
230000.00000000006,189078.0
235127.99999999997,240157.625
185000.0000000001,189471.8125
146000.0000000001,169590.0
223999.99999999994,174464.015625
129000.00000000006,145012.53125
108958.99999999997,146109.5625
194000.0,163410.90625
233169.99999999988,212624.171875
245350.00000000003,255552.078125
173000.0,193108.4375
235000.00000000017,193228.265625
625000.0000000001,295568.6875
171000.00000000003,152602.75
163000.0,160473.5625
171899.9999999999,171926.65625
200500.0000000001,161916.484375
238999.99999999985,179752.5
285000.00000000023,289096.9375
119499.99999999999,138346.71875
114999.99999999996,128023.203125
154900.00000000006,128250.125
92999.99999999997,123738.2421875
250000.00000000006,260519.484375
392499.9999999997,244675.0
745000.0000000003,295568.6875
120000.0,138555.375
186700.00000000006,171019.109375
104900.00000000001,138384.203125
94999.99999999997,141872.71875
261999.99999999997,254056.1875
194999.99999999994,198376.6875
189000.0,217968.71875
168000.00000000003,170534.203125
173999.99999999997,202445.375
125000.00000000001,143606.75
164999.99999999988,173623.890625
158000.00000000006,139748.84375
175999.9999999999,185120.421875
219210.00000000015,226498.984375
144000.0,155267.0
178000.0000000001,189078.0
148000.0000000001,153208.328125
116050.0,130468.8125
197899.99999999988,211432.078125
116999.99999999999,126339.6796875
213000.00000000006,205719.8125
153500.00000000012,153646.9375
271900.0,240912.84375
106999.99999999997,140123.78125
199999.9999999999,194402.359375
139999.99999999994,140948.78125
290000.0000000001,244675.0
189000.0,198432.953125
163999.99999999994,229230.625
112999.99999999999,123709.015625
144999.99999999994,134395.1875
134500.0,140534.625
125000.00000000001,142151.28125
112000.00000000004,160420.03125
229455.9999999999,213330.84375
80499.99999999997,104397.5546875
91500.00000000003,123550.5234375
114999.99999999996,137191.546875
133999.99999999994,140564.140625
142999.99999999997,163715.328125
137900.0,146104.59375
183999.99999999994,196555.640625
144999.99999999994,139141.75
214000.00000000006,207076.3125
147000.0,141106.46875
367294.00000000023,299471.9375
127000.00000000007,159028.6875
190000.0,184324.5625
132500.0,145496.875
101800.00000000001,131980.75
142000.00000000006,153736.984375
129999.99999999991,138692.6875
138887.00000000006,143128.953125
175500.00000000006,195538.734375
194999.99999999994,221290.359375
142499.99999999997,159053.78125
265900.0000000001,223642.046875
224899.9999999999,212358.265625
248328.00000000006,219512.453125
170000.00000000003,172708.5
465000.00000000023,333259.3125
230000.00000000006,201842.328125
178000.0000000001,186557.0
186500.0,197514.78125
169899.99999999997,156014.078125
129499.99999999999,167512.703125
118999.99999999993,137191.546875
243999.9999999999,225661.9375
171749.99999999997,189790.84375
129999.99999999991,141012.3125
293999.9999999998,224907.171875
165399.99999999994,198376.6875
127500.0,140732.96875
301499.99999999994,292390.5625
99899.99999999996,122710.3515625
190000.0,166374.5625
151000.0,153206.296875
180999.99999999997,187383.796875
128899.99999999997,147545.78125
161499.99999999997,149010.546875
180500.00000000012,166728.25
180999.99999999997,178373.8125
183900.0,184638.6875
122000.00000000006,177878.109375
378500.0000000001,321941.0
380999.99999999977,300124.71875
144000.0,151505.59375
259999.9999999999,198889.78125
185749.99999999994,182397.203125
136999.99999999994,140534.625
177000.00000000012,158140.46875
139000.0,127979.171875
136999.99999999994,159209.09375
162000.00000000006,156595.53125
197899.99999999988,182710.109375
236999.99999999985,256405.5625
68399.99999999997,69487.140625
226999.99999999985,215272.0
180000.00000000006,189790.84375
150499.99999999997,155033.28125
139000.0,160988.125
168999.9999999999,183769.828125
132500.0,137714.203125
142999.99999999997,154639.6875
190000.0,167803.375
278000.0,241170.578125
281000.0,264510.46875
180500.00000000012,152320.90625
119499.99999999999,120746.90625
107499.99999999999,153897.0
162899.99999999997,186280.71875
114999.99999999996,132042.53125
138500.0,149269.734375
154999.99999999994,159451.53125
139999.99999999994,148854.5
160000.00000000006,290759.0625
153999.9999999999,156935.8125
224999.99999999985,224422.140625
177499.9999999999,155716.328125
290000.0000000001,279513.8125
232000.00000000015,218495.171875
129999.99999999991,180236.25
325000.00000000023,266232.78125
202500.0000000001,189790.84375
138000.0,144159.28125
147000.0,134890.1875
179199.9999999999,175977.921875
335000.0000000002,240047.84375
202999.99999999997,187204.453125
302000.0000000001,285224.5
333167.9999999997,315347.0
118999.99999999993,134650.9375
206899.99999999988,180791.03125
295493.0000000002,243645.046875
208899.99999999997,189790.84375
275000.0,261825.4375
110999.99999999996,137911.09375
156500.0,162553.046875
72499.99999999997,95653.640625
190000.0,217013.25
82500.00000000003,121030.2421875
147000.0,265681.0
55000.0,115742.9296875
78999.99999999997,93836.78125
130500.00000000004,135974.15625
256000.00000000012,37004.8515625
176499.9999999999,191458.171875
226999.99999999985,240157.625
132500.0,143212.375
100000.00000000003,129068.109375
125499.99999999994,132862.25
125000.00000000001,137011.90625
167900.00000000012,170191.46875
134999.99999999994,152935.15625
52500.000000000015,113657.40625
199999.9999999999,221044.6875
128500.00000000004,141012.3125
122999.99999999993,128730.4140625
154999.99999999994,160581.03125
228500.00000000006,256628.96875
177000.00000000012,157192.125
155834.9999999999,187783.203125
108499.99999999997,129051.8515625
262500.0000000002,223747.734375
283462.99999999994,265681.0
214999.99999999997,213414.390625
122000.00000000006,220486.6875
199999.9999999999,168045.0625
171000.00000000003,171297.3125
134900.00000000006,132999.6875
409999.99999999994,312985.21875
235000.00000000017,229718.28125
170000.00000000003,217968.71875
109999.99999999999,141012.3125
149899.9999999999,153646.9375
177499.9999999999,180786.296875
314999.9999999999,283623.90625
189000.0,171913.203125
259999.9999999999,213414.390625
104900.00000000001,152467.125
156932.00000000003,166379.6875
144152.0,170261.546875
215999.99999999994,200387.640625
192999.99999999997,216058.96875
127000.00000000007,164725.875
144000.0,150790.203125
232000.00000000015,234921.71875
105000.00000000006,137640.6875
165499.99999999988,176408.046875
274300.0,246506.6875
466499.9999999998,340771.09375
250000.00000000006,229975.21875
238999.99999999985,240157.625
90999.99999999999,126826.875
116999.99999999999,164905.4375
83000.00000000001,121899.1328125
167499.99999999997,150649.359375
58500.000000000015,91429.328125
237499.99999999997,190457.59375
156999.99999999994,179970.640625
112000.00000000004,156004.71875
105000.00000000006,130791.078125
125499.99999999994,125576.3515625
250000.00000000006,237991.4375
135999.9999999999,161654.96875
377500.0000000002,299471.9375
131000.00000000006,138986.984375
235000.00000000017,213414.390625
123999.99999999999,150640.09375
122999.99999999993,142151.28125
163000.0,160905.296875
246578.0000000001,216131.046875
281213.0,275537.0625
160000.00000000006,162904.625
137499.99999999994,141223.90625
138000.0,149235.8125
137450.0000000001,167075.0625
120000.0,130057.8203125
192999.99999999997,190361.78125
193878.99999999997,189078.0
282922.0,242692.046875
105000.00000000006,109666.2734375
275000.0,244675.0
133000.00000000006,138670.609375
112000.00000000004,132914.59375
125499.99999999994,123317.234375
214999.99999999997,213318.40625
230000.00000000006,217013.25
139999.99999999994,158750.796875
90000.0,113795.8125
256999.99999999985,269866.78125
207000.00000000015,173240.109375
175899.99999999994,218016.921875
122499.99999999993,144835.3125
339999.99999999977,283806.84375
123999.99999999999,141860.578125
223000.00000000003,197585.1875
179900.00000000012,176984.25
127500.0,163750.09375
136499.99999999997,150790.203125
274969.9999999999,180981.640625
144000.0,154177.640625
142000.00000000006,153030.65625
271000.0000000002,246031.78125
139999.99999999994,156824.03125
118999.99999999993,130300.796875
182900.00000000015,182572.15625
192139.99999999985,169140.53125
143750.00000000006,155730.375
64500.00000000001,121226.6953125
186500.0,193443.890625
160000.00000000006,157669.609375
173999.99999999997,177600.203125
120500.00000000003,134963.28125
394616.9999999998,291180.3125
149699.99999999994,147646.796875
196999.99999999988,198154.1875
190999.9999999999,195696.90625
149300.00000000006,150790.203125
310000.0000000002,287391.9375
120999.99999999993,126826.875
179599.99999999997,198825.984375
129000.00000000006,137701.25
157900.0000000001,147545.78125
240000.00000000003,264073.125
112000.00000000004,125926.125
92000.00000000003,113144.734375
135999.9999999999,150058.09375
287089.99999999977,240157.625
144999.99999999994,139930.5
84499.99999999997,143068.46875
185000.0000000001,187204.453125
175000.00000000003,187383.796875
209999.9999999999,192262.15625
266500.0,222331.1875
142125.00000000003,143068.46875
147500.00000000006,151933.96875
